rank,size_mb,world_size,backend,device,iters,avg_time_sec,p50_time_sec,min_time_sec,max_time_sec,effective_gbps
0,1,2,gloo,cpu,200,0.0006492225900410631,0.0005458179994093371,0.00024786099947959883,0.0015621770007783198,1.5042028958638558
1,1,2,gloo,cpu,200,0.0006490942300069946,0.0005470710002555279,0.00025829600053839386,0.0015796750003573834,1.5045003558103984
0,10,2,gloo,cpu,100,0.0019465793400286202,0.0018626279997988604,0.0015748590003568097,0.00403754899980413,5.016813237037859
1,10,2,gloo,cpu,100,0.001945572170025116,0.0018615760000102455,0.0015622609998899861,0.004066008999870974,5.019410305336518
0,100,2,gloo,cpu,20,0.02313516869990053,0.02202490099989518,0.020904230999803985,0.029638338000040676,4.2211168315543715
1,100,2,gloo,cpu,20,0.023139464749965553,0.02204361800068,0.020830821000345168,0.02962800299974333,4.220333143191887
0,1000,2,gloo,cpu,5,0.23842291060009302,0.2209974779998447,0.21800135300054535,0.2938976740006183,4.095925586773786
1,1000,2,gloo,cpu,5,0.238423930999852,0.22095661099956487,0.2180012259996147,0.29391438700076833,4.095908057151386
