size_mb,world_size,backend,device,avg_time_sec,p50_time_sec,min_time_sec,max_time_sec,effective_gbps
1,2,gloo,cpu,0.0006042131899994985,0.0005285304999915752,0.0002555650000033438,0.0016647220000152174,1.61625505818878
10,2,gloo,cpu,0.0018321153950000735,0.0018322549999965076,0.0015049460000113868,0.003338364000001093,5.330245588517507
100,2,gloo,cpu,0.021594154375000583,0.02148547699999881,0.020607960999996067,0.022997631000009733,4.522346574733799
