size_mb,world_size,backend,device,avg_time_sec,p50_time_sec,min_time_sec,max_time_sec,effective_gbps
1,6,gloo,cpu,0.001791944787507873,0.001680763666627172,0.0010809579998749541,0.0032270520005113212,0.5449735624230899
10,6,gloo,cpu,0.007477328940024866,0.007358528333346233,0.0055547830006617005,0.011310457000035967,1.3060313291520935
100,6,gloo,cpu,0.08043860620000487,0.08070629900021231,0.07490582300033566,0.08458006899945758,1.2140470836467776
1000,6,gloo,cpu,0.7988893713333103,0.7999541945000601,0.7863575129995297,0.8080478359997869,1.222400171408592
