size_mb,world_size,backend,device,avg_time_sec,p50_time_sec,min_time_sec,max_time_sec,effective_gbps
1,4,gloo,cpu,0.0014419899762344811,0.0014430312498916464,0.00048735800010035746,0.0028450939998947433,0.6772326863572555
10,4,gloo,cpu,0.005125618267511527,0.005086445749839186,0.003155374999550986,0.011770599999181286,1.9052582410227152
100,4,gloo,cpu,0.04983337518750659,0.04928034574982121,0.04067267099981109,0.06505802899937407,1.9596555540814218
1000,4,gloo,cpu,0.4331561766500272,0.43088901375017485,0.41314095399957296,0.46537642599923856,2.2545274722602358
