size_mb,world_size,backend,device,avg_time_sec,p50_time_sec,min_time_sec,max_time_sec,effective_gbps
1,2,gloo,cpu,0.0006491584100240288,0.0005464444998324325,0.00024786099947959883,0.0015796750003573834,1.5043516258371272
10,2,gloo,cpu,0.001946075755026868,0.001862101999904553,0.0015622609998899861,0.004066008999870974,5.018111771187188
100,2,gloo,cpu,0.023137316724933042,0.02203425950028759,0.020830821000345168,0.029638338000040676,4.22072498737313
1000,2,gloo,cpu,0.23842342079997253,0.2209770444997048,0.2180012259996147,0.29391438700076833,4.095916821962586
