rank,size_mb,world_size,backend,device,iters,avg_time_sec,p50_time_sec,min_time_sec,max_time_sec,effective_gbps
0,1,2,gloo,cpu,200,0.0006044289799987723,0.0005290510000008908,0.00026429499999380823,0.0016610449999916455,1.6156778253782331
1,1,2,gloo,cpu,200,0.0006039974000002246,0.0005280099999822596,0.0002555650000033438,0.0016647220000152174,1.616832290999327
0,10,2,gloo,cpu,100,0.0018320901499990327,0.0018327290000001994,0.0015172109999923578,0.003280682999985629,5.330319034794853
1,10,2,gloo,cpu,100,0.0018321406400011143,0.0018317809999928159,0.0015049460000113868,0.003338364000001093,5.330172142240162
0,100,2,gloo,cpu,20,0.021594740949998935,0.021482900999984622,0.020607960999996067,0.022997631000009733,4.522223731514817
1,100,2,gloo,cpu,20,0.021593567800002232,0.021488053000012997,0.020618103000003885,0.02298123799999985,4.522469417952781
